mysql> select * from doctorsdata;
+------------+----------+-------+--------+----------+-----------+-----------+--------+--------------+-------------+----------+----------+
| first      | last     | blood | userId | password | address   | phone     | aadhar | dept         | post        | postgrad | patients |
+------------+----------+-------+--------+----------+-----------+-----------+--------+--------------+-------------+----------+----------+
| Dr. Vishal | Majumdar | O+    |      1 | Vishal   | sector 37 | 958230088 |    714 | Psychiatrist | Head Doctor | MD       |        1 |
| Dr. Shipra | Majumdar | O-    |     22 | shipra   | sector 37 | 958230088 |    577 | neurology    | surgeon     | MS       |        0 |
+------------+----------+-------+--------+----------+-----------+-----------+--------+--------------+-------------+----------+----------+
2 rows in set (0.00 sec)

mysql> select * from patientsdata;
+-------+------+-----+-------+----------+--------+--------+---------+-----------+-----------+-------+
| first | last | sex | blood | password | userId | aadhar | allergy | phone     | address   | ill   |
+-------+------+-----+-------+----------+--------+--------+---------+-----------+-----------+-------+
| Suarj | Gore | M   | AB    | 123      |      1 |    987 | NULL    |      NULL | NULL      | NULL  |
| Suarj | Gore | M   | AB    | suarj    |     12 |    123 | Done    | 701119902 | sector 37 | fever |
+-------+------+-----+-------+----------+--------+--------+---------+-----------+-----------+-------+
2 rows in set (0.00 sec)

mysql> select * from logs;
+----------+----------+
| doctorId | patietId |
+----------+----------+
|        1 |       12 |
+----------+----------+
1 row in set (0.00 sec)

mysql>